"Symbol","Name","LastSale","MarketCap","IPOyear","Sector","industry","Summary Quote",
"XXII","22nd Century Group, Inc","2.71","$337.06M","n/a","Consumer Non-Durables","Farming/Seeds/Milling","https://www.nasdaq.com/symbol/xxii",
"FAX","Aberdeen Asia-Pacific Income Fund Inc","4.2","$1.06B","1986","n/a","n/a","https://www.nasdaq.com/symbol/fax",
"IAF","Aberdeen Australia Equity Fund Inc","5.99","$136.23M","n/a","n/a","n/a","https://www.nasdaq.com/symbol/iaf",
"AEF","Aberdeen Emerging Markets Equity Income Fund, Inc.","6.91","$418.05M","n/a","n/a","n/a","https://www.nasdaq.com/symbol/aef",
"FCO","Aberdeen Global Income Fund, Inc.","8.17","$71.28M","1992","n/a","n/a","https://www.nasdaq.com/symbol/fco",
"ACU","Acme United Corporation.","21.92","$73.96M","1988","Capital Goods","Industrial Machinery/Components","https://www.nasdaq.com/symbol/acu",
"ATNM","Actinium Pharmaceuticals, Inc.","0.64","$70.7M","n/a","Health Care","Major Pharmaceuticals","https://www.nasdaq.com/symbol/atnm",
"AE","Adams Resources & Energy, Inc.","45.9","$193.59M","n/a","Energy","Oil Refining/Marketing","https://www.nasdaq.com/symbol/ae",
"ACY","AeroCentury Corp.","17.15","$24.3M","n/a","Technology","Diversified Commercial Services","https://www.nasdaq.com/symbol/acy",
"UAVS","AgEagle Aerial Systems, Inc.","2.06","$21.2M","n/a","Capital Goods","Aerospace","https://www.nasdaq.com/symbol/uavs",
"AIRI","Air Industries Group","1.41","$37.26M","n/a","Capital Goods","Military/Government/Technical","https://www.nasdaq.com/symbol/airi",
"AXU","Alexco Resource Corp","1.095","$118.26M","n/a","Basic Industries","Precious Metals","https://www.nasdaq.com/symbol/axu",
"ALO","Alio Gold Inc.","0.6874","$57.59M","2011","Basic Industries","Precious Metals","https://www.nasdaq.com/symbol/alo",
"AAU","Almaden Minerals, Ltd.","0.6418","$71.65M","2015","Basic Industries","Precious Metals","https://www.nasdaq.com/symbol/aau",
"APT","Alpha Pro Tech, Ltd.","3.65","$50.83M","n/a","Health Care","Industrial Specialties","https://www.nasdaq.com/symbol/apt",
"AAMC","Altisource Asset Management Corp","62.05","$100.1M","n/a","Finance","Real Estate","https://www.nasdaq.com/symbol/aamc",
"AMBO","Ambow Education Holding Ltd.","6.68","$130.08M","n/a","Consumer Services","Other Consumer Services","https://www.nasdaq.com/symbol/ambo",
"DIT","AMCON Distributing Company","84.65","$52.14M","n/a","Consumer Non-Durables","Food Distributors","https://www.nasdaq.com/symbol/dit",
"ALN","American Lorain Corporation","0.18","$12.34M","n/a","Consumer Non-Durables","Packaged Foods","https://www.nasdaq.com/symbol/aln",
"AMS","American Shared Hospital Services","3.1","$17.71M","n/a","Health Care","Medical Specialities","https://www.nasdaq.com/symbol/ams",
"USAS","Americas Silver Corporation","2.42","$103.98M","2017","Basic Industries","Precious Metals","https://www.nasdaq.com/symbol/usas",
"AMPE","Ampio Pharmaceuticals, Inc.","0.629","$67.01M","n/a","Health Care","Major Pharmaceuticals","https://www.nasdaq.com/symbol/ampe",
"APHB","AmpliPhi Biosciences Corporation","0.9866","$16.25M","n/a","Health Care","Biotechnology: Biological Products (No Diagnostic Substances)","https://www.nasdaq.com/symbol/aphb",
"ARNC^","Arconic Inc.","85.5","n/a","n/a","n/a","n/a","https://www.nasdaq.com/symbol/arnc^",
"AKG","Asanko Gold Inc.","0.835","$188.55M","n/a","Basic Industries","Mining & Quarrying of Nonmetallic Minerals (No Fuels)","https://www.nasdaq.com/symbol/akg",
"AINC","Ashford Inc.","91.39","$192.78M","2014","Consumer Services","Professional Services","https://www.nasdaq.com/symbol/ainc",
"ASB.WS","Associated Banc-Corp","n/a","n/a","n/a","n/a","n/a","https://www.nasdaq.com/symbol/asb.ws",
"AST","Asterias Biotherapeutics, Inc.","1.55","$86.04M","n/a","Health Care","Biotechnology: Biological Products (No Diagnostic Substances)","https://www.nasdaq.com/symbol/ast",
"AUG","Auryn Resources Inc.","1.06","$95.65M","n/a","Basic Industries","Precious Metals","https://www.nasdaq.com/symbol/aug",
"AWX","Avalon Holdings Corporation","4.48","$17.04M","n/a","Public Utilities","Environmental Services","https://www.nasdaq.com/symbol/awx",
"ASM","Avino Silver","0.9835","$54.88M","n/a","Basic Industries","Precious Metals","https://www.nasdaq.com/symbol/asm",
"BTG","B2Gold Corp","2.34","$2.31B","n/a","Basic Industries","Precious Metals","https://www.nasdaq.com/symbol/btg",
"BTN","Ballantyne Strong, Inc","4.35","$62.83M","n/a","Miscellaneous","Industrial Machinery/Components","https://www.nasdaq.com/symbol/btn",
"BKJ","Bancorp of New Jersey, Inc","17.25","$125.85M","n/a","Finance","Major Banks","https://www.nasdaq.com/symbol/bkj",
"BCV","Bancroft Fund Limited","22.79","$120.32M","n/a","n/a","n/a","https://www.nasdaq.com/symbol/bcv",
"BCV^A","Bancroft Fund Limited","25.5799","n/a","n/a","n/a","n/a","https://www.nasdaq.com/symbol/bcv^a",
"BHB","Bar Harbor Bankshares, Inc.","29.45","$456.58M","n/a","Finance","Major Banks","https://www.nasdaq.com/symbol/bhb",
"BRN","Barnwell Industries, Inc.","1.95","$16.14M","n/a","Energy","Oil & Gas Production","https://www.nasdaq.com/symbol/brn",
"BGSF","BG Staffing Inc","24.36","$245.77M","n/a","Technology","Professional Services","https://www.nasdaq.com/symbol/bgsf",
"BPMX","BioPharmX Corporation","0.1563","$29.93M","2015","Health Care","Major Pharmaceuticals","https://www.nasdaq.com/symbol/bpmx",
"BTX","BioTime, Inc.","2.75","$348.91M","n/a","Health Care","Biotechnology: Biological Products (No Diagnostic Substances)","https://www.nasdaq.com/symbol/btx",
"BTX.WS","BioTime, Inc.","n/a","n/a","n/a","n/a","n/a","https://www.nasdaq.com/symbol/btx.ws",
"BGI","Birks Group Inc.","1.42","$25.5M","n/a","Consumer Services","Consumer Specialties","https://www.nasdaq.com/symbol/bgi",
"BKTI","BK Technologies, Inc.","3.8","$51.32M","n/a","Technology","Radio And Television Broadcasting And Communications Equipment","https://www.nasdaq.com/symbol/bkti",
"BDR","Blonder Tongue Laboratories, Inc.","1.35","$13.04M","n/a","Technology","Radio And Television Broadcasting And Communications Equipment","https://www.nasdaq.com/symbol/bdr",
"BRG","Bluerock Residential Growth REIT, Inc.","9.89","$234.81M","2014","Consumer Services","Real Estate Investment Trusts","https://www.nasdaq.com/symbol/brg",
"BRG^A","Bluerock Residential Growth REIT, Inc.","25.7","n/a","n/a","n/a","n/a","https://www.nasdaq.com/symbol/brg^a",
"BRG^C","Bluerock Residential Growth REIT, Inc.","25.3","n/a","n/a","n/a","n/a","https://www.nasdaq.com/symbol/brg^c",
"BRG^D","Bluerock Residential Growth REIT, Inc.","24.2","n/a","n/a","n/a","n/a","https://www.nasdaq.com/symbol/brg^d",
"BVX","Bovie Medical Corporation","5.34","$177.31M","n/a","Health Care","Medical/Dental Instruments","https://www.nasdaq.com/symbol/bvx",
"BWL.A","Bowl America, Inc.","n/a","n/a","n/a","n/a","n/a","https://www.nasdaq.com/symbol/bwl.a",
"CMCL","Caledonia Mining Corporation Plc","6.16","$65.32M","n/a","Basic Industries","Precious Metals","https://www.nasdaq.com/symbol/cmcl",
"CEI","Camber Energy, Inc.","0.2209","$8.85M","n/a","Energy","Oil & Gas Production","https://www.nasdaq.com/symbol/cei",
"CANF","Can-Fite Biopharma Ltd","1.2845","$25.67M","n/a","Health Care","Major Pharmaceuticals","https://www.nasdaq.com/symbol/canf",
"ROX","Castle Brands, Inc.","1.15","$193.75M","2006","Consumer Non-Durables","Beverages (Production/Distribution)","https://www.nasdaq.com/symbol/rox",
"CAW","CCA Industries, Inc.","2.85","$21.25M","n/a","Consumer Non-Durables","Package Goods/Cosmetics","https://www.nasdaq.com/symbol/caw",
"CVM","Cel-Sci Corporation","2.68","$63.09M","n/a","Health Care","Biotechnology: Biological Products (No Diagnostic Substances)","https://www.nasdaq.com/symbol/cvm",
"CVM.WS","Cel-Sci Corporation","n/a","n/a","n/a","n/a","n/a","https://www.nasdaq.com/symbol/cvm.ws",
"CET","Central Securities Corporation","29.75","$748.11M","n/a","n/a","n/a","https://www.nasdaq.com/symbol/cet",
"LEU","Centrus Energy Corp.","2.28","$20.61M","2014","Basic Industries","Mining & Quarrying of Nonmetallic Minerals (No Fuels)","https://www.nasdaq.com/symbol/leu",
"CCF","Chase Corporation","123.95","$1.16B","n/a","Consumer Durables","Building Products","https://www.nasdaq.com/symbol/ccf",
"CQH","Cheniere Energy Partners LP Holdings, LLC","31.69","$7.34B","2013","Public Utilities","Oil/Gas Transmission","https://www.nasdaq.com/symbol/cqh",
"CQP","Cheniere Energy Partners, LP","37.9","$18.34B","2007","Public Utilities","Oil/Gas Transmission","https://www.nasdaq.com/symbol/cqp",
"LNG","Cheniere Energy, Inc.","66.93","$16.61B","n/a","Public Utilities","Oil/Gas Transmission","https://www.nasdaq.com/symbol/lng",
"CVR","Chicago Rivet & Machine Co.","31.8195","$30.74M","n/a","Technology","Industrial Machinery/Components","https://www.nasdaq.com/symbol/cvr",
"CPHI","China Pharma Holdings, Inc.","0.24","$10.46M","n/a","Health Care","Major Pharmaceuticals","https://www.nasdaq.com/symbol/cphi",
"CKX","CKX Lands, Inc.","10.5","$20.4M","n/a","Energy","Oil & Gas Production","https://www.nasdaq.com/symbol/ckx",
"GLV","Clough Global Dividend and Income Fund","12.7798","$89.54M","2004","n/a","n/a","https://www.nasdaq.com/symbol/glv",
"GLQ","Clough Global Equity Fund","15.31","$168.8M","2005","n/a","n/a","https://www.nasdaq.com/symbol/glq",
"GLO","Clough Global Opportunities Fund","11.34","$365.42M","2006","n/a","n/a","https://www.nasdaq.com/symbol/glo",
"COHN","Cohen & Company Inc.","9.71","$12.13M","n/a","Finance","Investment Bankers/Brokers/Service","https://www.nasdaq.com/symbol/cohn",
"MOC","Command Security Corporation","1.97","$19.97M","n/a","Consumer Services","Diversified Commercial Services","https://www.nasdaq.com/symbol/moc",
"CIX","CompX International Inc.","13.5","$167.88M","1998","Capital Goods","Industrial Machinery/Components","https://www.nasdaq.com/symbol/cix",
"LODE","Comstock Mining, Inc.","0.175","$10.03M","n/a","Basic Industries","Precious Metals","https://www.nasdaq.com/symbol/lode",
"CDOR","Condor Hospitality Trust, Inc.","10.45","$124.19M","n/a","Consumer Services","Real Estate Investment Trusts","https://www.nasdaq.com/symbol/cdor",
"CTO","Consolidated-Tomoka Land Co.","62.78","$348.66M","n/a","Finance","Real Estate","https://www.nasdaq.com/symbol/cto",
"MCF","Contango Oil & Gas Company","6.83","$175.69M","n/a","Energy","Oil & Gas Production","https://www.nasdaq.com/symbol/mcf",
"CUO","Continental Materials Corporation","17","$28.86M","n/a","Capital Goods","Building Materials","https://www.nasdaq.com/symbol/cuo",
"CMT","Core Molding Technologies Inc","9.17","$73.27M","n/a","Consumer Non-Durables","Plastic Products","https://www.nasdaq.com/symbol/cmt",
"CVRS","Corindus Vascular Robotics, Inc.","1.09","$205.97M","2015","Health Care","Medical/Dental Instruments","https://www.nasdaq.com/symbol/cvrs",
"CRMD","CorMedix Inc","0.62","$60.66M","n/a","Health Care","Major Pharmaceuticals","https://www.nasdaq.com/symbol/crmd",
"CRF","Cornerstone Strategic Return Fund, Inc. (The)","14.26","$321.93M","n/a","n/a","n/a","https://www.nasdaq.com/symbol/crf",
"CLM","Cornerstone Strategic Value Fund, Inc.","14.27","$635.9M","1987","n/a","n/a","https://www.nasdaq.com/symbol/clm",
"CVU","CPI Aerostructures, Inc.","8.35","$74.76M","n/a","Capital Goods","Military/Government/Technical","https://www.nasdaq.com/symbol/cvu",
"CIK","Credit Suisse Asset Management Income Fund, Inc.","3.16","$165.28M","n/a","n/a","n/a","https://www.nasdaq.com/symbol/cik",
"DHY","Credit Suisse High Yield Bond Fund","2.615","$270.56M","1998","n/a","n/a","https://www.nasdaq.com/symbol/dhy",
"CRHM","CRH Medical Corporation","4.15","$301.6M","2015","Health Care","Medical/Dental Instruments","https://www.nasdaq.com/symbol/crhm",
"CTEK","CynergisTek, Inc.","3.81","$36.64M","2017","Miscellaneous","Business Services","https://www.nasdaq.com/symbol/ctek",
"DXR","Daxor Corporation","4.96","$18.49M","n/a","Health Care","Medical/Dental Instruments","https://www.nasdaq.com/symbol/dxr",
"VCF","Delaware Investments Colorado Municipal Income Fund, Inc","14.99","$72.51M","1993","n/a","n/a","https://www.nasdaq.com/symbol/vcf",
"VFL","Delaware Investments Florida Insured Municipal Income Fund","12.43","$56.29M","1993","n/a","n/a","https://www.nasdaq.com/symbol/vfl",
"VMM","Delaware Investments Minnesota Municipal Income Fund II, Inc.","12.37","$142.32M","1993","n/a","n/a","https://www.nasdaq.com/symbol/vmm",
"DLA","Delta Apparel, Inc.","18.55","$131.34M","n/a","Consumer Non-Durables","Apparel","https://www.nasdaq.com/symbol/dla",
"DNN","Denison Mine Corp","0.52","$290.78M","n/a","Basic Industries","Precious Metals","https://www.nasdaq.com/symbol/dnn",
"DGSE","DGSE Companies, Inc.","0.6694","$18.02M","n/a","Consumer Services","Consumer Specialties","https://www.nasdaq.com/symbol/dgse",
"DSS","Document Security Systems, Inc.","1.23","$20.68M","n/a","Consumer Durables","Containers/Packaging","https://www.nasdaq.com/symbol/dss",
"DPW","DPW Holdings, Inc.","0.4901","$33.98M","n/a","Capital Goods","Industrial Machinery/Components","https://www.nasdaq.com/symbol/dpw",
"DMF","Dreyfus Municipal Income, Inc.","8.1","$168.04M","1988","n/a","n/a","https://www.nasdaq.com/symbol/dmf",
"DXF","Dunxin Financial Holdings Limited","5.18","$107.92M","n/a","Consumer Non-Durables","Apparel","https://www.nasdaq.com/symbol/dxf",
"GRF","Eagle Capital Growth Fund, Inc.","7.9194","$29.52M","n/a","n/a","n/a","https://www.nasdaq.com/symbol/grf",
"EVM","Eaton Vance California Municipal Bond Fund","10.295","$220.25M","2002","n/a","n/a","https://www.nasdaq.com/symbol/evm",
"EIA","Eaton Vance California Municipal Bond Fund II","10.8001","$41.97M","2002","n/a","n/a","https://www.nasdaq.com/symbol/eia",
"CEV","Eaton Vance California Municipal Income Trust","11.55","$82.39M","1999","n/a","n/a","https://www.nasdaq.com/symbol/cev",
"EVV","Eaton Vance Limited Duration Income Fund","12.72","$1.48B","2003","n/a","n/a","https://www.nasdaq.com/symbol/evv",
"MAB","Eaton Vance Massachusetts Municipal Bond Fund","12.67","$22.41M","2002","n/a","n/a","https://www.nasdaq.com/symbol/mab",
"MMV","Eaton Vance Massachusetts Municipal Income Trust","12.8301","$35.12M","1999","n/a","n/a","https://www.nasdaq.com/symbol/mmv",
"MIW","Eaton Vance Michigan Municipal Bond Fund","13.024","$19.54M","2002","n/a","n/a","https://www.nasdaq.com/symbol/miw",
"EMI","Eaton Vance Michigan Municipal Income Trust","12.92","$26.01M","1999","n/a","n/a","https://www.nasdaq.com/symbol/emi",
"EIM","Eaton Vance Municipal Bond Fund","11.81","$805.07M","2002","n/a","n/a","https://www.nasdaq.com/symbol/eim",
"EIV","Eaton Vance Municipal Bond Fund II","11.909","$119.25M","2002","n/a","n/a","https://www.nasdaq.com/symbol/eiv",
"EMJ","Eaton Vance New Jersey Municipal Bond Fund","12.18","$31.41M","2002","n/a","n/a","https://www.nasdaq.com/symbol/emj",
"EVJ","Eaton Vance New Jersey Municipal Income Trust","11.83","$54.4M","1999","n/a","n/a","https://www.nasdaq.com/symbol/evj",
"ENX","Eaton Vance New York Municipal Bond Fund","11.3","$176.98M","2002","n/a","n/a","https://www.nasdaq.com/symbol/enx",
"NYH","Eaton Vance New York Municipal Bond Fund II","10.7266","$27.42M","2002","n/a","n/a","https://www.nasdaq.com/symbol/nyh",
"EVY","Eaton Vance New York Municipal Income Trust","12.25","$67.08M","1999","n/a","n/a","https://www.nasdaq.com/symbol/evy",
"EIO","Eaton Vance Ohio Municipal Bond Fund","11.64","$29.54M","2002","n/a","n/a","https://www.nasdaq.com/symbol/eio",
"EVO","Eaton Vance Ohio Municipal Income Trust","12.77","$36.49M","1999","n/a","n/a","https://www.nasdaq.com/symbol/evo",
"EIP","Eaton Vance Pennsylvania Municipal Bond Fund","12.089","$35.78M","2002","n/a","n/a","https://www.nasdaq.com/symbol/eip",
"EVP","Eaton Vance Pennsylvania Municipal Income Trust","11.8","$30.69M","1999","n/a","n/a","https://www.nasdaq.com/symbol/evp",
"ELMD","Electromed, Inc.","4.66","$38.63M","2011","Health Care","Biotechnology: Electromedical & Electrotherapeutic Apparatus","https://www.nasdaq.com/symbol/elmd",
"ELLO","Ellomay Capital Ltd.","8.36","$89.25M","n/a","Public Utilities","Electric Utilities: Central","https://www.nasdaq.com/symbol/ello",
"ECF","Ellsworth Growth and Income Fund Ltd.","10.02","$129.61M","1986","n/a","n/a","https://www.nasdaq.com/symbol/ecf",
"ECF^A","Ellsworth Growth and Income Fund Ltd.","24.7","n/a","n/a","n/a","n/a","https://www.nasdaq.com/symbol/ecf^a",
"EMAN","eMagin Corporation","1.45","$65.41M","n/a","Technology","Semiconductors","https://www.nasdaq.com/symbol/eman",
"MSN","Emerson Radio Corporation","1.46","$32.82M","n/a","Consumer Non-Durables","Consumer Electronics/Appliances","https://www.nasdaq.com/symbol/msn",
"EMX","EMX Royalty Corporation","1.14","$91.02M","n/a","Basic Industries","Precious Metals","https://www.nasdaq.com/symbol/emx",
"UUUU","Energy Fuels Inc","3.19","$279.99M","n/a","Basic Industries","Mining & Quarrying of Nonmetallic Minerals (No Fuels)","https://www.nasdaq.com/symbol/uuuu",
"UUUU.WS","Energy Fuels Inc","n/a","n/a","n/a","n/a","n/a","https://www.nasdaq.com/symbol/uuuu.ws",
"ENSV","ENSERVCO Corporation","0.6601","$35.95M","n/a","Energy","Oilfield Services/Equipment","https://www.nasdaq.com/symbol/ensv",
"ESNC","EnSync, Inc.","0.35","$19.81M","n/a","Public Utilities","Electric Utilities: Central","https://www.nasdaq.com/symbol/esnc",
"EGI","Entree Resources Ltd.","0.3619","$63.11M","2017","Basic Industries","Precious Metals","https://www.nasdaq.com/symbol/egi",
"EVI","EnviroStarm, Inc.","47.25","$527.84M","n/a","Consumer Services","Other Consumer Services","https://www.nasdaq.com/symbol/evi",
"ESP","Espey Mfg. & Electronics Corp.","26.75","$63.76M","n/a","Capital Goods","Industrial Machinery/Components","https://www.nasdaq.com/symbol/esp",
"EVBN","Evans Bancorp, Inc.","47.55","$229.26M","n/a","Finance","Major Banks","https://www.nasdaq.com/symbol/evbn",
"EPM","Evolution Petroleum Corporation, Inc.","10.05","$333.37M","n/a","Energy","Oil & Gas Production","https://www.nasdaq.com/symbol/epm",
"FEN","First Trust Energy Income and Growth Fund","22.46","$448.85M","2004","n/a","n/a","https://www.nasdaq.com/symbol/fen",
"BDL","Flanigan&#39;s Enterprises, Inc.","27.901","$51.86M","n/a","Consumer Services","Restaurants","https://www.nasdaq.com/symbol/bdl",
"FSI","Flexible Solutions International Inc.","1.61","$18.73M","n/a","Basic Industries","Major Chemicals","https://www.nasdaq.com/symbol/fsi",
"FTF","Franklin Limited Duration Income Trust","11.35","$256.56M","2003","n/a","n/a","https://www.nasdaq.com/symbol/ftf",
"FSP","Franklin Street Properties Corp.","8.57","$918.97M","n/a","Consumer Services","Real Estate Investment Trusts","https://www.nasdaq.com/symbol/fsp",
"FRD","Friedman Industries Inc.","10.33","$72.41M","n/a","Capital Goods","Steel/Iron Ore","https://www.nasdaq.com/symbol/frd",
"FTNW","FTE Networks, Inc.","13","$97.51M","n/a","Public Utilities","Telecommunications Equipment","https://www.nasdaq.com/symbol/ftnw",
"GGN","GAMCO Global Gold, Natural Reources & Income Trust ","4.91","$665.84M","2005","n/a","n/a","https://www.nasdaq.com/symbol/ggn",
"GGN^B","GAMCO Global Gold, Natural Reources & Income Trust ","23.2865","n/a","n/a","n/a","n/a","https://www.nasdaq.com/symbol/ggn^b",
"GST","Gastar Exploration Inc.","0.0791","$17.32M","n/a","Energy","Oil & Gas Production","https://www.nasdaq.com/symbol/gst",
"GST^A","Gastar Exploration Inc.","3.22","n/a","n/a","n/a","n/a","https://www.nasdaq.com/symbol/gst^a",
"GST^B","Gastar Exploration Inc.","3.28","n/a","n/a","n/a","n/a","https://www.nasdaq.com/symbol/gst^b",
"JOB","GEE Group Inc.","2.4824","$26.83M","n/a","Technology","Diversified Commercial Services","https://www.nasdaq.com/symbol/job",
"GMO","General Moly, Inc","0.39","$43.36M","n/a","Basic Industries","Precious Metals","https://www.nasdaq.com/symbol/gmo",
"GSB","GlobalSCAPE, Inc.","3.95","$86.4M","n/a","Technology","Computer Software: Prepackaged Software","https://www.nasdaq.com/symbol/gsb",
"GSAT","Globalstar, Inc.","0.5099","$644.51M","2006","Consumer Services","Telecommunications Equipment","https://www.nasdaq.com/symbol/gsat",
"GLOW","Glowpoint, Inc.","0.177","$8.48M","n/a","Public Utilities","Telecommunications Equipment","https://www.nasdaq.com/symbol/glow",
"GORO","Gold Resource Corporation","5.16","$297.17M","n/a","Basic Industries","Precious Metals","https://www.nasdaq.com/symbol/goro",
"GSV","Gold Standard Ventures Corporation","1.56","$397.14M","n/a","Basic Industries","Mining & Quarrying of Nonmetallic Minerals (No Fuels)","https://www.nasdaq.com/symbol/gsv",
"AUMN","Golden Minerals Company","0.2738","$26.15M","n/a","Basic Industries","Precious Metals","https://www.nasdaq.com/symbol/aumn",
"GSS","Golden Star Resources, Ltd","0.736","$280.29M","n/a","Basic Industries","Precious Metals","https://www.nasdaq.com/symbol/gss",
"GV","Goldfield Corporation (The)","4.75","$120.89M","n/a","Basic Industries","Water Supply","https://www.nasdaq.com/symbol/gv",
"GDP","Goodrich Petroleum Corporation","13.99","$165.62M","2017","Energy","Oil & Gas Production","https://www.nasdaq.com/symbol/gdp",
"GTE","Gran Tierra Energy Inc.","3.45","$1.35B","n/a","Energy","Oil & Gas Production","https://www.nasdaq.com/symbol/gte",
"GPL","Great Panther Silver Limited","0.87","$147.05M","n/a","Basic Industries","Precious Metals","https://www.nasdaq.com/symbol/gpl",
"SIM","Grupo Simec, S.A. de C.V.","8.46","$1.4B","1993","Basic Industries","Steel/Iron Ore","https://www.nasdaq.com/symbol/sim",
"GLF","GulfMark Offshore, Inc.","36.5","$275.05M","2017","Energy","Metal Fabrications","https://www.nasdaq.com/symbol/glf",
"GLF.WS","GulfMark Offshore, Inc.","n/a","n/a","n/a","n/a","n/a","https://www.nasdaq.com/symbol/glf.ws",
"HEB","Hemispherx BioPharma, Inc.","0.275","$12.99M","n/a","Health Care","Biotechnology: Biological Products (No Diagnostic Substances)","https://www.nasdaq.com/symbol/heb",
"HCAC","Hennessy Capital Acquisition Corp. III","10.26","$79.95M","2017","Basic Industries","Environmental Services","https://www.nasdaq.com/symbol/hcac",
"HCAC.U","Hennessy Capital Acquisition Corp. III","n/a","n/a","2017","n/a","n/a","https://www.nasdaq.com/symbol/hcac.u",
"HCAC.WS","Hennessy Capital Acquisition Corp. III","n/a","n/a","n/a","n/a","n/a","https://www.nasdaq.com/symbol/hcac.ws",
"HLM^","Hillman Group Capital Trust","30.1928","n/a","n/a","n/a","n/a","https://www.nasdaq.com/symbol/hlm^",
"HMG","HMG/Courtland Properties, Inc.","15.25","$15.45M","n/a","Consumer Services","Real Estate Investment Trusts","https://www.nasdaq.com/symbol/hmg",
"HUSA","Houston American Energy Corporation","0.225","$13.77M","n/a","Energy","Oil & Gas Production","https://www.nasdaq.com/symbol/husa",
"IBIO","iBio, Inc.","0.8299","$14.47M","n/a","Health Care","Major Pharmaceuticals","https://www.nasdaq.com/symbol/ibio",
"IBO","IBO (Listing Market - NYSE Amex Network B F)","24.84","n/a","n/a","n/a","n/a","https://www.nasdaq.com/symbol/ibo",
"IEC","IEC Electronics Corp.","5.49","$56.49M","n/a","Technology","Electrical Products","https://www.nasdaq.com/symbol/iec",
"IMUC","ImmunoCellular Therapeutics, Ltd.","0.235","$9.85M","n/a","Health Care","Major Pharmaceuticals","https://www.nasdaq.com/symbol/imuc",
"IMUC.WS","ImmunoCellular Therapeutics, Ltd.","n/a","n/a","n/a","n/a","n/a","https://www.nasdaq.com/symbol/imuc.ws",
"IMH","Impac Mortgage Holdings, Inc.","7.48","$157.44M","1997","Consumer Services","Real Estate Investment Trusts","https://www.nasdaq.com/symbol/imh",
"IMO","Imperial Oil Limited","31.21","$24.95B","n/a","Energy","Integrated oil Companies","https://www.nasdaq.com/symbol/imo",
"IOR","Income Opportunity Realty Investors, Inc.","12.02","$50.1M","n/a","Consumer Services","Real Estate Investment Trusts","https://www.nasdaq.com/symbol/ior",
"IGC","India Globalization Capital Inc.","1.65","$51.21M","n/a","Consumer Non-Durables","Electronic Components","https://www.nasdaq.com/symbol/igc",
"INFU","InfuSystems Holdings, Inc.","3.35","$66.01M","n/a","Health Care","Medical/Dental Instruments","https://www.nasdaq.com/symbol/infu",
"IHT","InnSuites Hospitality Trust","1.707","$16.36M","n/a","Consumer Services","Real Estate Investment Trusts","https://www.nasdaq.com/symbol/iht",
"NSPR","InspireMD Inc.","0.193","$4.59M","n/a","Health Care","Medical/Dental Instruments","https://www.nasdaq.com/symbol/nspr",
"NSPR.WS","InspireMD Inc.","n/a","n/a","n/a","n/a","n/a","https://www.nasdaq.com/symbol/nspr.ws",
"NSPR.WS.B","InspireMD Inc.","n/a","n/a","n/a","n/a","n/a","https://www.nasdaq.com/symbol/nspr.ws.b",
"IDN","Intellicheck, Inc.","2.17","$33.92M","1999","Technology","Computer Software: Prepackaged Software","https://www.nasdaq.com/symbol/idn",
"INS","Intelligent Systems Corporation","13.24","$116.49M","1992","Technology","Computer Software: Prepackaged Software","https://www.nasdaq.com/symbol/ins",
"THM","International Tower Hill Mines Ltd","0.461","$86.12M","n/a","Basic Industries","Precious Metals","https://www.nasdaq.com/symbol/thm",
"INTT","inTest Corporation","8.75","$91.79M","1997","Capital Goods","Electrical Products","https://www.nasdaq.com/symbol/intt",
"INUV","Inuvo, Inc","0.64","$20.61M","n/a","Consumer Services","Advertising","https://www.nasdaq.com/symbol/inuv",
"VKI","Invesco Advantage Municipal Income Trust II","10.8","$479.43M","n/a","n/a","n/a","https://www.nasdaq.com/symbol/vki",
"ISR","IsoRay, Inc.","0.5115","$34.44M","n/a","Health Care","Medical/Dental Instruments","https://www.nasdaq.com/symbol/isr",
"ISDR","Issuer Direct Corporation","13.75","$42.72M","n/a","Miscellaneous","Publishing","https://www.nasdaq.com/symbol/isdr",
"ITP","IT Tech Packaging, Inc.","0.8732","$18.73M","n/a","Consumer Durables","Containers/Packaging","https://www.nasdaq.com/symbol/itp",
"KIQ","Kelso Technologies Inc","0.4774","$22.52M","n/a","Capital Goods","Railroads","https://www.nasdaq.com/symbol/kiq",
"LTS","Ladenburg Thalmann Financial Services Inc","3.45","$693.64M","n/a","Finance","Investment Bankers/Brokers/Service","https://www.nasdaq.com/symbol/lts",
"LTS^A","Ladenburg Thalmann Financial Services Inc","25.94","n/a","n/a","n/a","n/a","https://www.nasdaq.com/symbol/lts^a",
"LTSK","Ladenburg Thalmann Financial Services Inc","24.98","n/a","2018","Finance","Investment Bankers/Brokers/Service","https://www.nasdaq.com/symbol/ltsk",
"LTSL","Ladenburg Thalmann Financial Services Inc","24.1845","n/a","2017","Finance","Investment Bankers/Brokers/Service","https://www.nasdaq.com/symbol/ltsl",
"LTSF","Ladenburg Thalmann Financial Services Inc.","24.7","n/a","2018","Finance","Investment Bankers/Brokers/Service","https://www.nasdaq.com/symbol/ltsf",
"LEVB","Level Brands, Inc.","3.49","$28.34M","2017","Consumer Non-Durables","Package Goods/Cosmetics","https://www.nasdaq.com/symbol/levb",
"LGL","LGL Group, Inc. (The)","7.62","$36.74M","n/a","Capital Goods","Industrial Machinery/Components","https://www.nasdaq.com/symbol/lgl",
"LBY","Libbey, Inc.","9.83","$217.66M","1993","Capital Goods","Industrial Machinery/Components","https://www.nasdaq.com/symbol/lby",
"LLEX","Lilis Energy, Inc.","5.32","$341.8M","n/a","Energy","Oil & Gas Production","https://www.nasdaq.com/symbol/llex",
"LIQT","LiqTech International, Inc.","1.27","$92.38M","n/a","Technology","Industrial Machinery/Components","https://www.nasdaq.com/symbol/liqt",
"MAG","MAG Silver Corporation","7.65","$654.38M","n/a","Basic Industries","Precious Metals","https://www.nasdaq.com/symbol/mag",
"MJCO","Majesco","7.15","$261.86M","2015","Technology","Computer Software: Prepackaged Software","https://www.nasdaq.com/symbol/mjco",
"MHH","Mastech Digital, Inc","10.5","$115.02M","n/a","Consumer Services","Professional Services","https://www.nasdaq.com/symbol/mhh",
"MTNB","Matinas Biopharma Holdings, Inc.","0.46","$43.51M","2017","Health Care","Major Pharmaceuticals","https://www.nasdaq.com/symbol/mtnb",
"MNI","McClatchy Company (The)","9","$69.98M","1988","Consumer Services","Newspapers/Magazines","https://www.nasdaq.com/symbol/mni",
"IPB","Merrill Lynch & Co., Inc. 6.0518% Index Plus Trust Certificate","27.5","n/a","n/a","Finance","Finance: Consumer Services","https://www.nasdaq.com/symbol/ipb",
"MXC","Mexco Energy Corporation","5.05","$10.3M","n/a","Energy","Oil & Gas Production","https://www.nasdaq.com/symbol/mxc",
"CCA","MFS California Insured Municipal Trust","10.34","$28.81M","1999","n/a","n/a","https://www.nasdaq.com/symbol/cca",
"MICR","Micron Solutions, Inc.","3.38","$9.63M","n/a","Health Care","Biotechnology: Electromedical & Electrotherapeutic Apparatus","https://www.nasdaq.com/symbol/micr",
"MLSS","Milestone Scientific, Inc.","0.74","$24.91M","2015","Health Care","Industrial Specialties","https://www.nasdaq.com/symbol/mlss",
"MYO","Myomo Inc.","2.05","$25.45M","2017","Health Care","Industrial Specialties","https://www.nasdaq.com/symbol/myo",
"NNVC","NanoViricides, Inc.","0.4201","$28.98M","n/a","Health Care","Biotechnology: Commercial Physical & Biological Resarch","https://www.nasdaq.com/symbol/nnvc",
"ATEST","NASDAQ TEST STOCK","25","n/a","n/a","n/a","n/a","https://www.nasdaq.com/symbol/atest",
"ATEST.A","NASDAQ TEST STOCK","n/a","n/a","n/a","n/a","n/a","https://www.nasdaq.com/symbol/atest.a",
"ATEST.B","NASDAQ TEST STOCK","n/a","n/a","n/a","n/a","n/a","https://www.nasdaq.com/symbol/atest.b",
"ATEST.C","NASDAQ TEST STOCK","n/a","n/a","n/a","n/a","n/a","https://www.nasdaq.com/symbol/atest.c",
"NHC","National HealthCare Corporation","77.07","$1.17B","n/a","Health Care","Hospital/Nursing Management","https://www.nasdaq.com/symbol/nhc",
"NAVB","Navidea Biopharmaceuticals, Inc.","0.1759","$28.78M","n/a","Health Care","Biotechnology: In Vitro & In Vivo Diagnostic Substances","https://www.nasdaq.com/symbol/navb",
"NTIP","Network-1 Technologies, Inc.","2.9","$69.12M","n/a","Miscellaneous","Multi-Sector Companies","https://www.nasdaq.com/symbol/ntip",
"NBW","Neuberger Berman California Municipal Fund Inc","12.65","$70.22M","2002","n/a","n/a","https://www.nasdaq.com/symbol/nbw",
"NHS","Neuberger Berman High Yield Strategies Fund","10.99","$214.75M","n/a","n/a","n/a","https://www.nasdaq.com/symbol/nhs",
"NML","Neuberger Berman MLP Income Fund Inc.","8.87","$502.56M","2013","n/a","n/a","https://www.nasdaq.com/symbol/nml",
"NBH","Neuberger Berman Municipal Fund Inc.","13.63","$256.26M","2002","n/a","n/a","https://www.nasdaq.com/symbol/nbh",
"NBO","Neuberger Berman New York Municipal Fund Inc.","11.57","$64.23M","2002","n/a","n/a","https://www.nasdaq.com/symbol/nbo",
"NRO","Neuberger Berman Real Estate Securities Income Fund, Inc.","5.18","$245.63M","2003","n/a","n/a","https://www.nasdaq.com/symbol/nro",
"UWN","Nevada Gold & Casinos, Inc.","2.33","$39.26M","n/a","Consumer Services","Services-Misc. Amusement & Recreation","https://www.nasdaq.com/symbol/uwn",
"NSU","Nevsun Resources Ltd","3.78","$1.14B","n/a","Basic Industries","Precious Metals","https://www.nasdaq.com/symbol/nsu",
"GBR","New Concept Energy, Inc","2.2798","$4.86M","n/a","Energy","Oil & Gas Production","https://www.nasdaq.com/symbol/gbr",
"NEN","New England Realty Associates Limited Partnership","65.1","$242.93M","n/a","Consumer Services","Building operators","https://www.nasdaq.com/symbol/nen",
"NGD","New Gold Inc.","0.9711","$562.02M","n/a","Basic Industries","Precious Metals","https://www.nasdaq.com/symbol/ngd",
"NXE","Nexgen Energy Ltd.","1.94","$672.92M","n/a","Basic Industries","Precious Metals","https://www.nasdaq.com/symbol/nxe",
"HLTH","Nobilis Health Corp.","0.82","$64.17M","2015","Health Care","Hospital/Nursing Management","https://www.nasdaq.com/symbol/hlth",
"NAK","Northern Dynasty Minerals, Ltd.","0.584","$182.57M","n/a","Basic Industries","Precious Metals","https://www.nasdaq.com/symbol/nak",
"NOG","Northern Oil and Gas, Inc.","3.45","$1.02B","n/a","Energy","Oil & Gas Production","https://www.nasdaq.com/symbol/nog",
"NBY","NovaBay Pharmaceuticals, Inc.","1.75","$29.91M","2007","Health Care","Major Pharmaceuticals","https://www.nasdaq.com/symbol/nby",
"NG","Novagold Resources Inc.","3.67","$1.18B","n/a","Basic Industries","Precious Metals","https://www.nasdaq.com/symbol/ng",
"NTN","NTN Buzztime, Inc.","4.9824","$14.28M","n/a","Consumer Services","Broadcasting","https://www.nasdaq.com/symbol/ntn",
"NES","Nuverra Environmental Solutions, Inc.","11.54","$134.97M","2017","Energy","Oilfield Services/Equipment","https://www.nasdaq.com/symbol/nes",
"OCX","OncoCyte Corporation","2.55","$103.69M","2015","Health Care","Biotechnology: In Vitro & In Vivo Diagnostic Substances","https://www.nasdaq.com/symbol/ocx",
"OGEN","Oragenics Inc.","0.43","$5.09M","n/a","Health Care","Major Pharmaceuticals","https://www.nasdaq.com/symbol/ogen",
"TIS","Orchids Paper Products Company","3.67","$39.16M","2005","Basic Industries","Paper","https://www.nasdaq.com/symbol/tis",
"ORM","Owens Realty Mortgage, Inc.","16.5","$141.81M","2013","Consumer Services","Real Estate Investment Trusts","https://www.nasdaq.com/symbol/orm",
"PCG^A","Pacific Gas & Electric Co.","25.47","n/a","n/a","n/a","n/a","https://www.nasdaq.com/symbol/pcg^a",
"PCG^B","Pacific Gas & Electric Co.","23.25","n/a","n/a","n/a","n/a","https://www.nasdaq.com/symbol/pcg^b",
"PCG^C","Pacific Gas & Electric Co.","21.0152","n/a","n/a","n/a","n/a","https://www.nasdaq.com/symbol/pcg^c",
"PCG^D","Pacific Gas & Electric Co.","21.2","n/a","n/a","n/a","n/a","https://www.nasdaq.com/symbol/pcg^d",
"PCG^E","Pacific Gas & Electric Co.","21.25","n/a","n/a","n/a","n/a","https://www.nasdaq.com/symbol/pcg^e",
"PCG^G","Pacific Gas & Electric Co.","21","n/a","n/a","n/a","n/a","https://www.nasdaq.com/symbol/pcg^g",
"PCG^H","Pacific Gas & Electric Co.","19.3","n/a","n/a","n/a","n/a","https://www.nasdaq.com/symbol/pcg^h",
"PCG^I","Pacific Gas & Electric Co.","18.8258","n/a","n/a","n/a","n/a","https://www.nasdaq.com/symbol/pcg^i",
"PTN","Palatin Technologies, Inc.","1.01","$200.66M","n/a","Health Care","Major Pharmaceuticals","https://www.nasdaq.com/symbol/ptn",
"PZG","Paramount Gold Nevada Corp.","1.03","$26.24M","2015","Basic Industries","Precious Metals","https://www.nasdaq.com/symbol/pzg",
"TEUM","Pareteum Corporation","2.76","$166.33M","n/a","Technology","EDP Services","https://www.nasdaq.com/symbol/teum",
"PRK","Park National Corporation","110.15","$1.73B","n/a","Finance","Major Banks","https://www.nasdaq.com/symbol/prk",
"PED","Pedevco Corp.","2.37","$35.14M","n/a","Energy","Oil & Gas Production","https://www.nasdaq.com/symbol/ped",
"PFNX","Pfenex Inc.","5.28","$165.93M","2014","Health Care","Major Pharmaceuticals","https://www.nasdaq.com/symbol/pfnx",
"HNW","Pioneer Diversified High Income Trust","14.79","$123.24M","2007","n/a","n/a","https://www.nasdaq.com/symbol/hnw",
"PLG","Platinum Group Metals Ltd.","0.1016","$29.57M","n/a","Basic Industries","Precious Metals","https://www.nasdaq.com/symbol/plg",
"PLYM","Plymouth Industrial REIT, Inc.","16.13","$75.19M","2017","Consumer Services","Real Estate Investment Trusts","https://www.nasdaq.com/symbol/plym",
"PLYM^A","Plymouth Industrial REIT, Inc.","24.95","n/a","n/a","n/a","n/a","https://www.nasdaq.com/symbol/plym^a",
"PLM","Polymet Mining Corp.","0.8101","$259.67M","n/a","Basic Industries","Precious Metals","https://www.nasdaq.com/symbol/plm",
"PW","Power REIT","6.05","$11.06M","n/a","Consumer Services","Real Estate Investment Trusts","https://www.nasdaq.com/symbol/pw",
"PW^A","Power REIT","26.4","n/a","n/a","n/a","n/a","https://www.nasdaq.com/symbol/pw^a",
"PLX","Protalix BioTherapeutics, Inc.","0.4801","$71.14M","n/a","Health Care","Biotechnology: Biological Products (No Diagnostic Substances)","https://www.nasdaq.com/symbol/plx",
"RLGT","Radiant Logistics, Inc.","4.35","$214.71M","n/a","Transportation","Oil Refining/Marketing","https://www.nasdaq.com/symbol/rlgt",
"RLGT^A","Radiant Logistics, Inc.","25.8","n/a","n/a","n/a","n/a","https://www.nasdaq.com/symbol/rlgt^a",
"RFL","Rafael Holdings, Inc.","9.42","$118.13M","2018","Finance","Real Estate","https://www.nasdaq.com/symbol/rfl",
"UTG","Reaves Utility Income Fund","30.7157","$1.49B","2004","n/a","n/a","https://www.nasdaq.com/symbol/utg",
"REED","Reeds, Inc.","3.3","$84.31M","n/a","Consumer Non-Durables","Beverages (Production/Distribution)","https://www.nasdaq.com/symbol/reed",
"RHE","Regional Health Properties, Inc.","0.13","$2.62M","2017","Consumer Services","Real Estate Investment Trusts","https://www.nasdaq.com/symbol/rhe",
"RHE^A","Regional Health Properties, Inc.","1.6281","n/a","n/a","n/a","n/a","https://www.nasdaq.com/symbol/rhe^a",
"RCG","RENN Fund, Inc.","1.64","$7.32M","n/a","n/a","n/a","https://www.nasdaq.com/symbol/rcg",
"RVP","Retractable Technologies, Inc.","0.7221","$23.59M","n/a","Health Care","Medical/Dental Instruments","https://www.nasdaq.com/symbol/rvp",
"RNN","Rexahn Pharmaceuticals, Inc.","1.72","$54.61M","n/a","Health Care","Major Pharmaceuticals","https://www.nasdaq.com/symbol/rnn",
"REI","Ring Energy, Inc.","11.8","$712.58M","n/a","Energy","Oil & Gas Production","https://www.nasdaq.com/symbol/rei",
"RIF","RMR Real Estate Income Fund","19.09","$194.76M","n/a","n/a","n/a","https://www.nasdaq.com/symbol/rif",
"SACH","Sachem Capital Corp.","4.24","$65.45M","2017","Consumer Services","Real Estate Investment Trusts","https://www.nasdaq.com/symbol/sach",
"SNMP","Sanchez Midstream Partners LP","9.25","$147.75M","n/a","Energy","Oil & Gas Production","https://www.nasdaq.com/symbol/snmp",
"SAND          ","Sandstorm Gold Ltd","3.86","$714.47M","n/a","Basic Industries","Precious Metals","https://www.nasdaq.com/symbol/sand",
"SEB","Seaboard Corporation","3684.78","$4.31B","1996","Finance","Investment Bankers/Brokers/Service","https://www.nasdaq.com/symbol/seb",
"SENS","Senseonics Holdings, Inc.","4.08","$718.19M","n/a","Capital Goods","Industrial Machinery/Components","https://www.nasdaq.com/symbol/sens",
"SVT","Servotronics, Inc.","10.76","$27.79M","n/a","Capital Goods","Industrial Machinery/Components","https://www.nasdaq.com/symbol/svt",
"SMTS","Sierra Metals Inc.","2.66","$434.72M","n/a","Basic Industries","Precious Metals","https://www.nasdaq.com/symbol/smts",
"SIF","SIFCO Industries, Inc.","5.1","$29.02M","n/a","Capital Goods","Aerospace","https://www.nasdaq.com/symbol/sif",
"SVM","Silvercorp Metals Inc.","2.7","$452.74M","n/a","Basic Industries","Precious Metals","https://www.nasdaq.com/symbol/svm",
"SILV","SilverCrest Metals Inc.","2.45","$180.36M","2018","Basic Industries","Precious Metals","https://www.nasdaq.com/symbol/silv",
"XPL","Solitario Zinc Corp.","0.3782","$22.05M","n/a","Basic Industries","Precious Metals","https://www.nasdaq.com/symbol/xpl",
"SCE^B","Southern California Edison Company","20.63","n/a","n/a","n/a","n/a","https://www.nasdaq.com/symbol/sce^b",
"SCE^C","Southern California Edison Company","21.8","n/a","n/a","n/a","n/a","https://www.nasdaq.com/symbol/sce^c",
"SCE^D","Southern California Edison Company","22.081","n/a","n/a","n/a","n/a","https://www.nasdaq.com/symbol/sce^d",
"SCE^E","Southern California Edison Company","23.8299","n/a","n/a","n/a","n/a","https://www.nasdaq.com/symbol/sce^e",
"SGB","Southwest Georgia Financial Corporation","22.22","$56.57M","n/a","Finance","Major Banks","https://www.nasdaq.com/symbol/sgb",
"LOV","Spark Networks, Inc.","12.39","$160.92M","2017","Consumer Services","Other Consumer Services","https://www.nasdaq.com/symbol/lov",
"SRCI","SRC Energy Inc.","9.31","$2.26B","n/a","Energy","Oil & Gas Production","https://www.nasdaq.com/symbol/srci",
"SDI","Standard Diversified Inc.","15.78","$262.5M","n/a","Consumer Non-Durables","Tobacco","https://www.nasdaq.com/symbol/sdi",
"SSY","SunLink Health Systems, Inc.","1.39","$10.31M","n/a","Health Care","Hospital/Nursing Management","https://www.nasdaq.com/symbol/ssy",
"SDPI","Superior Drilling Products, Inc.","1.95","$47.84M","2014","Energy","Metal Fabrications","https://www.nasdaq.com/symbol/sdpi",
"SYN","Synthetic Biologics, Inc","2.87","$10.9M","n/a","Health Care","Major Pharmaceuticals","https://www.nasdaq.com/symbol/syn",
"TKAT","Takung Art Co., Ltd.","0.8744","$9.82M","n/a","Consumer Services","Other Specialty Stores","https://www.nasdaq.com/symbol/tkat",
"TALO.WS","Talos Energy, Inc.","n/a","n/a","n/a","n/a","n/a","https://www.nasdaq.com/symbol/talo.ws",
"TRX","Tanzanian Royalty Exploration Corporation","0.3625","$45.22M","n/a","Basic Industries","Precious Metals","https://www.nasdaq.com/symbol/trx",
"TGB","Taseko Mines Limited","0.7808","$178.31M","n/a","Basic Industries","Precious Metals","https://www.nasdaq.com/symbol/tgb",
"TIK","Tel-Instrument Electronics Corp.","2.95","$9.6M","n/a","Capital Goods","Electrical Products","https://www.nasdaq.com/symbol/tik",
"TGC","Tengasco, Inc.","1.09","$11.58M","n/a","Energy","Oil & Gas Production","https://www.nasdaq.com/symbol/tgc",
"GLU","The Gabelli Global Utility and Income Trust","19.01","$78.16M","2004","n/a","n/a","https://www.nasdaq.com/symbol/glu",
"GLU^A","The Gabelli Global Utility and Income Trust","43.93","n/a","n/a","n/a","n/a","https://www.nasdaq.com/symbol/glu^a",
"GGO","The Gabelli Go Anywhere Trust","18.83","$30.32M","2016","n/a","n/a","https://www.nasdaq.com/symbol/ggo",
"GGO^A","The Gabelli Go Anywhere Trust","42.1059","n/a","n/a","n/a","n/a","https://www.nasdaq.com/symbol/ggo^a",
"TMP","Tompkins Financial Corporation","87.87","$1.34B","n/a","Finance","Major Banks","https://www.nasdaq.com/symbol/tmp",
"TAT","Transatlantic Petroleum Ltd","1.73","$87.52M","n/a","Energy","Oil & Gas Production","https://www.nasdaq.com/symbol/tat",
"TRXC","TransEnterix, Inc.","5.8","$1.21B","n/a","Health Care","Medical/Dental Instruments","https://www.nasdaq.com/symbol/trxc",
"TMQ","Trilogy Metals Inc.","1.81","$238.06M","n/a","Basic Industries","Precious Metals","https://www.nasdaq.com/symbol/tmq",
"TPHS","Trinity Place Holdings Inc.","6.1","$192.99M","n/a","Consumer Services","Building operators","https://www.nasdaq.com/symbol/tphs",
"TRT","Trio-Tech International","4.31","$15.31M","n/a","Technology","Industrial Machinery/Components","https://www.nasdaq.com/symbol/trt",
"UFAB","Unique Fabricating, Inc.","8","$78.17M","2015","Capital Goods","Auto Parts:O.E.M.","https://www.nasdaq.com/symbol/ufab",
"UAMY","United States Antimony Corporation","0.6","$40.94M","n/a","Capital Goods","Metal Fabrications","https://www.nasdaq.com/symbol/uamy",
"UUU","Universal Security Instruments, Inc.","1.45","$3.35M","n/a","Consumer Non-Durables","Electronic Components","https://www.nasdaq.com/symbol/uuu",
"UQM","UQM Technologies Inc.","1.2","$65.03M","n/a","Capital Goods","Industrial Machinery/Components","https://www.nasdaq.com/symbol/uqm",
"URG","Ur Energy Inc","0.8378","$122.92M","n/a","Basic Industries","Precious Metals","https://www.nasdaq.com/symbol/urg",
"UEC","Uranium Energy Corp.","1.71","$275.85M","n/a","Basic Industries","Precious Metals","https://www.nasdaq.com/symbol/uec",
"VHC","VirnetX Holding Corp","3.35","$209.78M","n/a","Miscellaneous","Multi-Sector Companies","https://www.nasdaq.com/symbol/vhc",
"VGZ","Vista Gold Corporation","0.51","$50.79M","n/a","Basic Industries","Precious Metals","https://www.nasdaq.com/symbol/vgz",
"VNRX","VolitionRX Limited","2.33","$69.97M","2015","Health Care","Biotechnology: In Vitro & In Vivo Diagnostic Substances","https://www.nasdaq.com/symbol/vnrx",
"VISI","Volt Information Sciences, Inc.","3.5","$73.62M","n/a","Technology","Professional Services","https://www.nasdaq.com/symbol/visi",
"EAD","Wells Fargo Income Opportunities Fund","8.04","$554.37M","2003","n/a","n/a","https://www.nasdaq.com/symbol/ead",
"ERC","Wells Fargo Multi-Sector Income Fund","12.49","$410.01M","2003","n/a","n/a","https://www.nasdaq.com/symbol/erc",
"ERH","Wells Fargo Utilities and High Income Fund","12.65","$116.94M","2004","n/a","n/a","https://www.nasdaq.com/symbol/erh",
"WRN","Western Copper and Gold Corporation","0.68","$68.53M","2011","Basic Industries","Precious Metals","https://www.nasdaq.com/symbol/wrn",
"WYY","WidePoint Corporation","0.515","$42.79M","n/a","Technology","EDP Services","https://www.nasdaq.com/symbol/wyy",
"WTT","Wireless Telecom Group,  Inc.","1.9","$39.86M","n/a","Capital Goods","Electrical Products","https://www.nasdaq.com/symbol/wtt",
"XTNT","Xtant Medical Holdings, Inc.","4.71","$61.91M","n/a","Health Care","Biotechnology: Biological Products (No Diagnostic Substances)","https://www.nasdaq.com/symbol/xtnt",
"YUMA","Yuma Energy, Inc.","0.274","$6.37M","n/a","Energy","Oil & Gas Production","https://www.nasdaq.com/symbol/yuma",
"ZDGE","Zedge, Inc.","2.93","$30.06M","2016","Technology","Computer Software: Prepackaged Software","https://www.nasdaq.com/symbol/zdge",
"ZOM","Zomedica Pharmaceuticals Corp.","2.13","$201.31M","2017","Health Care","Major Pharmaceuticals","https://www.nasdaq.com/symbol/zom",
